time,open,high,low,close,volume
2021-06-25 20:00:00,133.01,133.01,132.93,132.98,39036
2021-06-25 19:00:00,133.03,133.12,133.0,133.02,20312
2021-06-25 18:00:00,133.045,133.08,132.98,133.03,53562
2021-06-25 17:00:00,133.11,133.29,133.01,133.04,10051948
2021-06-25 16:00:00,132.9906,133.36,132.81,133.11,10101466
2021-06-25 15:00:00,133.1,133.17,132.9,133.0,5034419
2021-06-25 14:00:00,133.395,133.45,133.05,133.0957,3611317
2021-06-25 13:00:00,133.38,133.51,133.24,133.3906,3485478
2021-06-25 12:00:00,133.5,133.65,133.3418,133.375,4397220
2021-06-25 11:00:00,133.24,133.89,133.085,133.49,8962929
2021-06-25 10:00:00,133.57,133.708,133.105,133.245,7449605
2021-06-25 09:00:00,133.55,133.63,133.077,133.57,406787
2021-06-25 08:00:00,133.41,133.72,133.29,133.32,97847
2021-06-25 07:00:00,133.54,133.55,133.38,133.45,5638
2021-06-25 06:00:00,133.4,133.6,133.16,133.6,13937
2021-06-25 05:00:00,133.33,133.41,133.01,133.32,14998
2021-06-24 20:00:00,133.39,133.43,133.33,133.34,52154
2021-06-24 19:00:00,133.4,133.47,133.33,133.37,57115
2021-06-24 18:00:00,133.41,133.46,133.32,133.4,40824
2021-06-24 17:00:00,133.41,133.45,133.29,133.41,3690339
2021-06-24 16:00:00,133.46,133.49,132.93,133.4,11293312
2021-06-24 15:00:00,133.6995,133.76,133.36,133.465,5113899
2021-06-24 14:00:00,133.435,133.7,133.16,133.69,6237691
2021-06-24 13:00:00,134.0,134.08,133.42,133.4387,7441091
2021-06-24 12:00:00,134.08,134.18,133.73,133.995,7840767
2021-06-24 11:00:00,134.295,134.5,134.07,134.075,9719988
2021-06-24 10:00:00,134.65,134.68,133.7,134.29,10087864
2021-06-24 09:00:00,134.25,134.7,133.366,134.65,553502
2021-06-24 08:00:00,134.26,134.5,134.16,134.44,148028
2021-06-24 07:00:00,134.21,134.45,134.17,134.35,15321
2021-06-24 06:00:00,134.29,134.35,134.22,134.23,13583
2021-06-24 05:00:00,133.83,134.28,133.83,134.21,15597
2021-06-23 20:00:00,133.68,133.7,133.63,133.65,51138
2021-06-23 19:00:00,133.65,133.75,133.62,133.66,57363
2021-06-23 18:00:00,133.61,133.7099,133.61,133.68,45990
2021-06-23 17:00:00,133.7,133.74,133.5,133.6,1306690
2021-06-23 16:00:00,133.9356,133.9887,133.5106,133.69,7659045
2021-06-23 15:00:00,133.94,133.95,133.61,133.93,4622917
2021-06-23 14:00:00,133.73,134.25,133.67,133.95,6596129
2021-06-23 13:00:00,133.735,133.82,133.26,133.725,6375469
2021-06-23 12:00:00,133.77,133.81,133.23,133.73,8190719
2021-06-23 11:00:00,134.09,134.26,133.65,133.76,9739901
2021-06-23 10:00:00,134.05,134.32,133.51,134.095,11350366
2021-06-23 09:00:00,134.0701,134.24,133.87,134.05,443152
2021-06-23 08:00:00,134.09,134.22,133.82,134.08,198353
2021-06-23 07:00:00,133.94,134.19,133.94,134.06,7221
2021-06-23 06:00:00,133.98,134.0,133.81,133.98,10824
2021-06-23 05:00:00,133.78,134.2,133.74,133.95,21237
2021-06-22 20:00:00,133.98,134.09,133.96,134.07,61671
2021-06-22 19:00:00,133.97,134.08,133.89,133.98,106720
2021-06-22 18:00:00,134.0,134.05,133.92,133.97,66764
2021-06-22 17:00:00,133.98,134.1,132.8606,133.98,2777781
2021-06-22 16:00:00,133.56,134.08,133.56,133.97,14632389
2021-06-22 15:00:00,133.205,133.58,133.08,133.565,5995293
2021-06-22 14:00:00,133.17,133.415,133.0423,133.205,4829231
2021-06-22 13:00:00,132.46,133.38,132.4,133.1784,8783489
2021-06-22 12:00:00,132.275,132.76,132.2401,132.45,6292030
2021-06-22 11:00:00,131.88,132.44,131.62,132.28,10162910
2021-06-22 10:00:00,132.19,132.83,131.77,131.875,10282414
2021-06-22 09:00:00,132.2101,132.65,132.04,132.18,346826
2021-06-22 08:00:00,132.1,132.63,132.09,132.5,111755
2021-06-22 07:00:00,131.87,132.12,131.87,132.04,9701
2021-06-22 06:00:00,131.7,132.0,131.67,131.82,16515
2021-06-22 05:00:00,131.65,131.84,131.39,131.65,35453
2021-06-21 20:00:00,132.32,132.45,132.31,132.45,70536
2021-06-21 19:00:00,132.3,132.35,132.27,132.31,25309
2021-06-21 18:00:00,132.27,132.36,132.25,132.32,77330
2021-06-21 17:00:00,132.3,132.36,132.11,132.27,5246610
2021-06-21 16:00:00,131.99,132.3,131.93,132.3,10981132
2021-06-21 15:00:00,132.245,132.3,131.97,131.99,5582603
2021-06-21 14:00:00,132.05,132.41,131.88,132.245,5663044
2021-06-21 13:00:00,131.62,132.19,131.61,132.045,7741458
2021-06-21 12:00:00,131.26,131.7,131.2582,131.61,8441085
2021-06-21 11:00:00,130.41,131.435,130.17,131.2573,12943064
2021-06-21 10:00:00,130.47,130.83,129.21,130.405,11942484
2021-06-21 09:00:00,130.8499,130.89,130.24,130.51,379143
2021-06-21 08:00:00,130.93,130.93,130.44,130.61,166433
2021-06-21 07:00:00,131.01,131.01,130.88,130.97,5246
2021-06-21 06:00:00,130.91,131.19,130.85,131.0,30406
2021-06-21 05:00:00,130.77,131.3,130.21,130.95,33196
2021-06-18 20:00:00,130.21,130.25,130.18,130.2,31690
2021-06-18 19:00:00,130.2,130.46,130.19,130.2,202272
2021-06-18 18:00:00,130.2,130.26,130.15,130.2099,53103
2021-06-18 17:00:00,130.46,130.77,130.2,130.25,8721416
2021-06-18 16:00:00,130.8,131.15,130.24,130.4,14883970
2021-06-18 15:00:00,130.91,131.15,130.69,130.8075,5909736
2021-06-18 14:00:00,130.95,131.22,130.76,130.915,5465954
2021-06-18 13:00:00,130.69,131.137,130.68,130.95,5608007
2021-06-18 12:00:00,130.725,130.94,130.29,130.69,11785838
2021-06-18 11:00:00,131.23,131.42,130.61,130.73,14261989
2021-06-18 10:00:00,131.15,131.51,130.59,131.24,21641055
2021-06-18 09:00:00,131.9699,131.99,130.79,131.14,799112
2021-06-18 08:00:00,131.95,131.99,131.44,131.6,156091
2021-06-18 07:00:00,131.96,131.96,131.8,131.94,22780
2021-06-18 06:00:00,131.84,131.95,131.82,131.95,8494
2021-06-18 05:00:00,131.99,131.99,131.8,131.83,11266
2021-06-17 20:00:00,132.075,132.09,131.88,132.04,52241
2021-06-17 19:00:00,131.87,132.01,131.82,132.01,43545
2021-06-17 18:00:00,131.88,131.9,131.8,131.86,241163
2021-06-17 17:00:00,131.79,131.95,130.8,131.9,2296599
2021-06-17 16:00:00,131.96,132.255,131.74,131.78,13056697
2021-06-17 15:00:00,131.72,132.15,131.6,131.96,6935468
2021-06-17 14:00:00,131.265,132.13,131.245,131.715,7840996
2021-06-17 13:00:00,131.94,131.99,130.95,131.2631,13711153
2021-06-17 12:00:00,131.48,132.55,131.4,131.9382,14244790
2021-06-17 11:00:00,130.8,131.915,130.63,131.49,17005688
2021-06-17 10:00:00,129.5,130.87,129.43,130.79,10370567
2021-06-17 09:00:00,129.3701,129.74,129.24,129.5,362608
2021-06-17 08:00:00,129.26,129.75,129.1,129.37,211790
2021-06-17 07:00:00,129.37,129.5,129.15,129.29,12540
2021-06-17 06:00:00,128.92,129.4,128.92,129.34,13467
2021-06-17 05:00:00,129.1,129.25,128.9,128.96,41224
2021-06-16 20:00:00,129.64,129.69,129.1,129.21,116598
2021-06-16 19:00:00,129.7901,129.86,129.6,129.65,46750
2021-06-16 18:00:00,129.78,129.9,129.76,129.84,40470
2021-06-16 17:00:00,130.15,130.43,129.77,129.8,1549115
2021-06-16 16:00:00,129.18,130.48,129.1,130.14,17043781
2021-06-16 15:00:00,130.38,130.38,128.461,129.18,19954007
2021-06-16 14:00:00,130.416,130.52,130.18,130.39,6013586
2021-06-16 13:00:00,130.1201,130.56,129.76,130.42,8349112
2021-06-16 12:00:00,130.62,130.67,130.11,130.1278,6046587
2021-06-16 11:00:00,130.54,130.89,130.28,130.625,10875209
2021-06-16 10:00:00,129.91,130.8281,129.64,130.53,13742098
2021-06-16 09:00:00,129.5126,130.0,129.51,129.92,250346
2021-06-16 08:00:00,129.62,129.94,129.52,129.86,77273
2021-06-16 07:00:00,129.55,129.7,129.5,129.65,5393
2021-06-16 06:00:00,129.74,129.74,129.53,129.6,5695
2021-06-16 05:00:00,129.43,129.74,129.33,129.73,17050
2021-06-15 20:00:00,129.65,129.75,129.61,129.7,45009
2021-06-15 19:00:00,129.74,129.74,129.65,129.66,36344
2021-06-15 18:00:00,129.77,129.78,129.7,129.7,27975
2021-06-15 17:00:00,129.64,129.83,129.64,129.78,2363594
2021-06-15 16:00:00,129.715,130.0,129.51,129.74,9876975
2021-06-15 15:00:00,129.905,129.92,129.5325,129.715,4213449
2021-06-15 14:00:00,129.85,129.96,129.68,129.9,4538379
2021-06-15 13:00:00,129.94,130.227,129.8,129.85,5867795
2021-06-15 12:00:00,129.625,129.97,129.575,129.93,6233345
2021-06-15 11:00:00,130.155,130.22,129.46,129.625,11125869
2021-06-15 10:00:00,129.97,130.6,129.39,130.1588,12138660
2021-06-15 09:00:00,130.38,130.5,129.85,129.96,445770
2021-06-15 08:00:00,130.45,130.5,130.24,130.36,138385
2021-06-15 07:00:00,130.48,130.5,130.3,130.5,20511
2021-06-15 06:00:00,130.56,130.66,130.48,130.48,12413
2021-06-15 05:00:00,130.53,130.75,130.53,130.62,25565
2021-06-14 20:00:00,130.28,130.34,130.18,130.2,77839
2021-06-14 19:00:00,130.28,130.35,130.21,130.28,51504
2021-06-14 18:00:00,130.39,130.48,130.17,130.28,123217
2021-06-14 17:00:00,130.48,130.5,130.21,130.38,9223761
2021-06-14 16:00:00,130.07,130.49,129.74,130.49,13969275
2021-06-14 15:00:00,129.915,130.4,129.81,130.075,8936350
2021-06-14 14:00:00,129.565,130.0,129.525,129.9191,6806472
2021-06-14 13:00:00,129.475,129.59,129.2626,129.565,6952952
2021-06-14 12:00:00,129.5724,129.88,129.25,129.4799,9367228
2021-06-14 11:00:00,129.12,129.6,128.47,129.58,12993358
2021-06-14 10:00:00,127.645,129.34,127.07,129.12,14456445
2021-06-14 09:00:00,127.8399,128.0799,127.56,127.66,289074
2021-06-14 08:00:00,127.87,128.19,127.75,127.81,182923
2021-06-14 07:00:00,127.65,127.99,127.65,127.94,17620
2021-06-14 06:00:00,127.6,127.72,127.6,127.65,8202
2021-06-14 05:00:00,127.4,127.75,127.4,127.6,21106
2021-06-11 20:00:00,127.26,127.4,127.2599,127.4,79407
2021-06-11 19:00:00,127.27,127.29,127.2,127.26,38869
2021-06-11 18:00:00,127.22,127.35,127.2,127.26,518542
2021-06-11 17:00:00,127.35,127.4,127.2,127.24,929719
2021-06-11 16:00:00,127.37,127.3784,127.04,127.3521,7623759
2021-06-11 15:00:00,127.34,127.44,127.19,127.375,4112126
2021-06-11 14:00:00,127.07,127.41,126.91,127.3348,4280136
2021-06-11 13:00:00,127.0701,127.255,126.91,127.0619,4953223
2021-06-11 12:00:00,126.7,127.165,126.515,127.08,6134458
2021-06-11 11:00:00,126.9,127.275,126.58,126.7092,9067484
2021-06-11 10:00:00,126.55,127.12,126.1,126.9033,10476940
2021-06-11 09:00:00,126.59,126.74,126.425,126.5499,372380
2021-06-11 08:00:00,126.69,126.75,126.5,126.6,183757
2021-06-11 07:00:00,126.46,126.68,126.36,126.68,14557
2021-06-11 06:00:00,126.54,126.58,126.43,126.47,7038
2021-06-11 05:00:00,126.33,126.59,126.33,126.56,13426
2021-06-10 20:00:00,126.28,126.3,126.21,126.2801,66764
2021-06-10 19:00:00,126.26,126.32,126.22,126.27,56185
2021-06-10 18:00:00,126.24,126.28,126.16,126.27,297104
2021-06-10 17:00:00,126.11,126.36,126.02,126.26,958438
2021-06-10 16:00:00,126.335,126.41,125.94,126.11,13874439
2021-06-10 15:00:00,126.3576,126.39,125.96,126.34,6917886
2021-06-10 14:00:00,126.59,126.63,126.24,126.3535,5442748
2021-06-10 13:00:00,126.5901,126.825,126.42,126.59,4968967
2021-06-10 12:00:00,126.475,126.69,126.19,126.59,7877502
2021-06-10 11:00:00,127.92,128.015,126.115,126.48,13164285
2021-06-10 10:00:00,127.26,128.19,126.61,127.92,11673457
2021-06-10 09:00:00,126.5801,127.38,126.22,127.26,666442
2021-06-10 08:00:00,126.62,127.0,126.42,126.73,140600
2021-06-10 07:00:00,126.6,126.69,126.55,126.55,3282
2021-06-10 06:00:00,126.51,126.64,126.47,126.57,13010
2021-06-10 05:00:00,126.82,126.92,126.36,126.5,28218
2021-06-09 20:00:00,127.04,127.08,126.96,126.98,30457
2021-06-09 19:00:00,126.9401,127.13,126.94,127.05,66585
2021-06-09 18:00:00,126.97,127.13,126.88,126.95,249173
2021-06-09 17:00:00,127.13,127.13,126.95,126.97,1969510
2021-06-09 16:00:00,127.155,127.24,126.74,127.16,10305743
2021-06-09 15:00:00,127.13,127.3,127.07,127.16,4324974
2021-06-09 14:00:00,127.15,127.28,127.06,127.12,3600179
2021-06-09 13:00:00,126.94,127.2368,126.8999,127.1488,4214712
2021-06-09 12:00:00,127.1978,127.34,126.8203,126.95,5970751
2021-06-09 11:00:00,126.9,127.295,126.52,127.2,9265412
2021-06-09 10:00:00,127.16,127.75,126.64,126.9,9327765
2021-06-09 09:00:00,127.19,127.26,126.42399999999999,127.16,357230
2021-06-09 08:00:00,127.1,127.26,126.95,127.09,103559
2021-06-09 07:00:00,127.0,127.11,126.82,127.11,8014
2021-06-09 06:00:00,127.01,127.04,126.88,126.96,7926
2021-06-09 05:00:00,126.5,127.25,126.5,126.97,17124
2021-06-08 20:00:00,126.725,126.76,126.64,126.64,41430
2021-06-08 19:00:00,126.69,126.74,126.66,126.73,49252
2021-06-08 18:00:00,126.69,126.85,126.65,126.66,156332
2021-06-08 17:00:00,126.74,126.85,126.54,126.66,1657429
2021-06-08 16:00:00,127.29,127.42,126.68,126.74,9845121
2021-06-08 15:00:00,126.709,127.3183,126.67,127.285,5353191
2021-06-08 14:00:00,126.82,126.93,126.43,126.7072,4815937
2021-06-08 13:00:00,126.61,126.84,126.53,126.825,5292907
2021-06-08 12:00:00,127.14,127.47,126.2101,126.61,10537352
2021-06-08 11:00:00,127.02,127.64,126.78,127.135,13468438
2021-06-08 10:00:00,126.92,128.46,126.4485,127.025,18444125
2021-06-08 09:00:00,126.4101,126.95,126.3999,126.93,532138
2021-06-08 08:00:00,126.44,126.85,126.4,126.83,205430
2021-06-08 07:00:00,126.38,126.6,125.84,126.49,54743
2021-06-08 06:00:00,126.27,126.4,126.22,126.38,21095
2021-06-08 05:00:00,126.1,126.3,125.96,126.3,42107
2021-06-07 20:00:00,125.87,125.98,125.81,125.96,77522
2021-06-07 19:00:00,125.96,126.0,125.8,125.87,60928
2021-06-07 18:00:00,126.0,126.02,125.85,125.94,512194
2021-06-07 17:00:00,125.9,126.1,125.301,126.0,2221851
2021-06-07 16:00:00,125.2111,126.03,125.155,125.9,11836923
2021-06-07 15:00:00,125.03,125.25,124.91,125.2108,7927032
2021-06-07 14:00:00,125.33,125.48,125.0117,125.02,5715635
2021-06-07 13:00:00,125.005,125.44,124.99,125.335,6484695
2021-06-07 12:00:00,125.09,125.2,124.8321,125.005,8357556
2021-06-07 11:00:00,125.2384,125.41,124.86,125.1,10828938
2021-06-07 10:00:00,126.34,126.34,124.89,125.23,11867529
2021-06-07 09:00:00,126.0001,126.47,125.43,126.35,479507
2021-06-07 08:00:00,125.36,126.26,125.34,126.15,237662
2021-06-07 07:00:00,125.2,125.4,125.17,125.35,14937
2021-06-07 06:00:00,125.36,125.36,125.08,125.2,18328
2021-06-07 05:00:00,125.64,125.65,125.2,125.36,57365
2021-06-04 20:00:00,125.95,126.01,125.9,126.01,54914
2021-06-04 19:00:00,125.99,126.01,125.8901,125.95,47379
2021-06-04 18:00:00,125.98,126.0,125.92,125.99,178547
2021-06-04 17:00:00,125.89,126.0,125.78,125.98,4041330
2021-06-04 16:00:00,126.05,126.06,125.495,125.88,11447725
2021-06-04 15:00:00,125.6825,126.16,125.62,126.0547,6119873
2021-06-04 14:00:00,125.65,125.79,125.48,125.68,4826835
2021-06-04 13:00:00,125.11,125.95,124.98,125.6499,9798026
2021-06-04 12:00:00,124.965,125.385,124.87,125.1,8896357
2021-06-04 11:00:00,124.9244,125.36,124.76,124.9699,11636457
2021-06-04 10:00:00,124.15,125.0,123.85,124.925,11274916
2021-06-04 09:00:00,123.7299,124.28,123.23200000000001,124.15,828411
2021-06-04 08:00:00,123.67,123.98,123.66,123.98,118327
2021-06-04 07:00:00,123.77,123.77,123.31,123.7,11987
2021-06-04 06:00:00,123.5,123.72,123.5,123.72,7528
2021-06-04 05:00:00,123.52,123.6,123.45,123.45,3676
2021-06-03 20:00:00,123.54,123.6,123.43,123.54,94830
2021-06-03 19:00:00,123.58,123.67,123.54,123.54,48948
2021-06-03 18:00:00,123.48,123.58,123.47,123.58,297621
2021-06-03 17:00:00,123.54,123.54,123.45,123.47,1676130
2021-06-03 16:00:00,123.64,123.915,123.39,123.54,9668669
2021-06-03 15:00:00,123.9,124.09,123.6,123.64,7145743
2021-06-03 14:00:00,123.68,124.04,123.3,123.9001,5746398
2021-06-03 13:00:00,123.71,123.85,123.38,123.68,5915750
2021-06-03 12:00:00,123.94,124.15,123.55,123.71,8584149
2021-06-03 11:00:00,123.62,123.94,123.13,123.935,13915761
2021-06-03 10:00:00,124.24,124.85,123.27,123.62,17271394
2021-06-03 09:00:00,124.06,124.74799999999999,123.81,124.24,593262
2021-06-03 08:00:00,124.12,124.45,123.84,124.07,314492
2021-06-03 07:00:00,124.66,124.66,124.0,124.01,22276
2021-06-03 06:00:00,124.89,124.89,124.61,124.62,9341
2021-06-03 05:00:00,124.88,124.89,124.62,124.89,11594
2021-06-02 20:00:00,125.02,125.09,125.0,125.08,51235
2021-06-02 19:00:00,124.97,125.05,124.97,125.02,40087
2021-06-02 18:00:00,124.98,125.04,124.9,124.97,56283
2021-06-02 17:00:00,125.06,125.16,124.9,124.96,2692165
2021-06-02 16:00:00,124.68,125.169,124.51,125.09,9142114
2021-06-02 15:00:00,124.31,124.695,124.05,124.6822,5580245
2021-06-02 14:00:00,124.41,124.56,124.07,124.31,5406742
2021-06-02 13:00:00,124.99,125.02,124.41,124.415,5085842
2021-06-02 12:00:00,124.89,125.18,124.65,124.985,6665067
2021-06-02 11:00:00,125.035,125.24,124.75,124.905,9643129
2021-06-02 10:00:00,124.45,125.13,124.11,125.035,10128351
2021-06-02 09:00:00,124.21,124.59,124.11,124.45,281461
2021-06-02 08:00:00,124.19,124.37,124.1,124.32,104040
2021-06-02 07:00:00,124.12,124.24,124.12,124.24,4916
2021-06-02 06:00:00,124.0,124.18,124.0,124.18,9539
2021-06-02 05:00:00,124.24,124.24,123.98,124.0,18392
2021-06-01 20:00:00,124.13,124.15,124.0,124.06,102598
2021-06-01 19:00:00,124.18,124.2,124.1,124.12,58492
2021-06-01 18:00:00,124.2,124.23,124.18,124.19,72372
2021-06-01 17:00:00,124.28,124.28,124.05,124.19,1930980
2021-06-01 16:00:00,124.875,124.8971,124.2,124.3,8936608
2021-06-01 15:00:00,124.575,125.0,124.53,124.88,4854013
2021-06-01 14:00:00,124.8389,124.84,124.46,124.58,6284179
2021-06-01 13:00:00,124.72,124.85,124.36,124.8397,5635028
2021-06-01 12:00:00,124.42,124.83,124.34,124.7199,7246082
2021-06-01 11:00:00,124.64,124.82,123.94,124.425,13072373
2021-06-01 10:00:00,125.12,125.35,124.44,124.64,11289466
2021-06-01 09:00:00,125.12,125.28,125.03,125.12,335066
2021-06-01 08:00:00,125.25,125.3,125.06,125.1,116302
2021-06-01 07:00:00,125.37,125.56,125.2,125.25,21861
2021-06-01 06:00:00,125.23,125.33,125.21,125.27,17082
2021-06-01 05:00:00,124.65,125.36,124.65,125.25,41081
2021-05-28 20:00:00,124.65,124.67,124.61,124.61,42253
2021-05-28 19:00:00,124.6501,124.7,124.65,124.67,41133
2021-05-28 18:00:00,124.58,124.67,124.57,124.65,116707
2021-05-28 17:00:00,124.61,124.82,124.52,124.57,1284675
2021-05-28 16:00:00,125.075,125.17,124.55,124.61,13081387
2021-05-28 15:00:00,124.88,125.14,124.8118,125.0782,5419271
2021-05-28 14:00:00,125.3,125.3799,124.735,124.87,7945342
2021-05-28 13:00:00,125.195,125.41,125.14,125.29,5615635
2021-05-28 12:00:00,125.18,125.23,124.88,125.195,7860965
2021-05-28 11:00:00,125.46,125.71,125.13,125.17,10039505
2021-05-28 10:00:00,125.58,125.8,124.58,125.46,12607618
2021-05-28 09:00:00,126.0401,126.19,125.36,125.58,679912
2021-05-28 08:00:00,126.17,126.28,125.65,125.72,270268
2021-05-28 07:00:00,126.17,126.28,126.02,126.28,20640
2021-05-28 06:00:00,126.12,126.25,126.07,126.1,13114
2021-05-28 05:00:00,126.04,126.18,126.0,126.09,11252
2021-05-27 20:00:00,125.89,126.05,125.84,126.0401,78242
2021-05-27 19:00:00,125.86,125.93,125.84,125.89,42222
2021-05-27 18:00:00,125.81,125.9,125.28,125.86,808058
2021-05-27 17:00:00,125.3,125.83,125.28,125.81,7968045
2021-05-27 16:00:00,125.975,126.0,125.08,125.33,16084143
2021-05-27 15:00:00,126.28,126.3,125.8,125.98,8160590
2021-05-27 14:00:00,126.6239,126.71,126.21,126.28,5655739
2021-05-27 13:00:00,126.82,126.89,126.5199,126.6277,5194740
2021-05-27 12:00:00,127.06,127.24,126.7,126.815,7426183
2021-05-27 11:00:00,127.11,127.64,126.915,127.065,10913533
2021-05-27 10:00:00,126.5,127.495,126.21,127.1299,9813680
2021-05-27 09:00:00,126.44,126.85,126.19,126.48,1016163
2021-05-27 08:00:00,126.38,126.57,126.21,126.57,104494
2021-05-27 07:00:00,126.28,126.4,126.27,126.36,4515
2021-05-27 06:00:00,126.25,126.7,126.2,126.36,16437
2021-05-27 05:00:00,126.36,126.66,126.29,126.35,17974
2021-05-26 20:00:00,126.8,126.8,126.7,126.7,36200
2021-05-26 19:00:00,126.8,126.85,126.76,126.8,50537
2021-05-26 18:00:00,126.82,126.85,126.75,126.8,1983315
2021-05-26 17:00:00,126.85,126.87,126.71,126.82,1353361
2021-05-26 16:00:00,126.78,126.87,126.6298,126.85,8330450
2021-05-26 15:00:00,126.56,126.855,126.485,126.785,5243447
2021-05-26 14:00:00,126.71,126.92,126.42,126.565,5696844
2021-05-26 13:00:00,126.96,127.1,126.71,126.71,5041085
2021-05-26 12:00:00,127.02,127.26,126.74,126.955,5875098
2021-05-26 11:00:00,126.93,127.18,126.64,127.02,10295199
2021-05-26 10:00:00,127.29,127.39,126.67,126.93,7933223
2021-05-26 09:00:00,127.3501,127.47,127.19,127.26,293193
2021-05-26 08:00:00,127.23,127.44,127.2,127.27,90547
2021-05-26 07:00:00,127.12,127.2,127.12,127.2,5680
2021-05-26 06:00:00,127.07,127.29,127.04,127.14,9128
2021-05-26 05:00:00,127.27,127.27,127.03,127.04,11737
2021-05-25 20:00:00,127.1,127.19,127.05,127.11,63424
2021-05-25 19:00:00,126.95,127.15,126.65,127.1,79119
2021-05-25 18:00:00,126.94,127.15,126.91,126.94,147878
2021-05-25 17:00:00,126.9,126.98,126.87,126.92,1955424
2021-05-25 16:00:00,126.655,126.96,126.32,126.94,9826661
2021-05-25 15:00:00,126.885,126.92,126.56,126.66,4843615
2021-05-25 14:00:00,126.825,127.0,126.61,126.88,4869845
2021-05-25 13:00:00,126.8,127.07,126.72,126.82,4810826
2021-05-25 12:00:00,127.13,127.17,126.665,126.8,7650180
2021-05-25 11:00:00,126.945,127.28,126.76,127.125,11426029
2021-05-25 10:00:00,127.64,128.32,126.89,126.945,21123864
2021-05-25 09:00:00,127.6701,127.97,127.1,127.66,441453
2021-05-25 08:00:00,127.65,127.96,127.6,127.89,91119
2021-05-25 07:00:00,127.88,127.9,127.63,127.69,5898
2021-05-25 06:00:00,127.91,127.91,127.83,127.85,14597
2021-05-25 05:00:00,127.99,128.0,127.76,127.87,26021
2021-05-24 20:00:00,127.2,127.35,127.18,127.29,72550
2021-05-24 19:00:00,127.07,127.21,127.03,127.2,50171
2021-05-24 18:00:00,127.07,127.1,127.01,127.07,58588
2021-05-24 17:00:00,127.1,127.17,126.9999,127.08,1769694
2021-05-24 16:00:00,127.77,127.91,127.0,127.11,10520416
2021-05-24 15:00:00,127.61,127.94,127.5905,127.765,5381727
2021-05-24 14:00:00,127.44,127.6899,127.3684,127.6012,3757232
2021-05-24 13:00:00,127.5373,127.7802,127.33,127.44,5417828
2021-05-24 12:00:00,127.535,127.68,127.38,127.54,6704830
2021-05-24 11:00:00,126.67,127.66,126.66,127.5323,11815260
2021-05-24 10:00:00,126.21,127.04,125.91,126.655,10711693
2021-05-24 09:00:00,126.1499,126.32,125.9,126.2,369561
2021-05-24 08:00:00,126.18,126.35,125.89,126.12,145163
2021-05-24 07:00:00,126.36,126.4,126.16,126.27,13083
2021-05-24 06:00:00,125.9,126.5,125.9,126.5,22385
2021-05-24 05:00:00,125.86,126.08,125.72,125.9,17112
2021-05-21 20:00:00,125.37,125.42,125.2,125.31,56897
2021-05-21 19:00:00,125.4,125.4,125.37,125.37,30903
2021-05-21 18:00:00,125.36,125.41,125.35,125.38,50499
2021-05-21 17:00:00,125.43,125.45,125.32,125.35,3269539
2021-05-21 16:00:00,125.96,126.08,125.21,125.43,13285020
2021-05-21 15:00:00,125.88,126.09,125.52,125.9576,6406823
2021-05-21 14:00:00,125.58,125.925,125.395,125.88,6093963
2021-05-21 13:00:00,125.75,126.0,125.4,125.585,8467080
2021-05-21 12:00:00,126.3706,126.475,125.7,125.755,10276136
2021-05-21 11:00:00,127.045,127.25,126.16,126.3791,11546121
2021-05-21 10:00:00,127.87,128.24,126.59,127.04,13972935
2021-05-21 09:00:00,127.61,127.98,127.5,127.88,384907
2021-05-21 08:00:00,127.47,127.97,127.44,127.95,153937
2021-05-21 07:00:00,127.51,127.62,127.41,127.49,9348
2021-05-21 06:00:00,127.4,127.7,127.31,127.62,11897
2021-05-21 05:00:00,127.56,127.56,127.17,127.35,22177
2021-05-20 20:00:00,127.39,127.55,127.36,127.55,69387
2021-05-20 19:00:00,127.41,127.43,127.36,127.38,40597
2021-05-20 18:00:00,127.36,127.43,127.35,127.43,92300
2021-05-20 17:00:00,127.31,127.49,127.26,127.42,3957137
2021-05-20 16:00:00,127.53,127.72,127.2,127.31,11646484
2021-05-20 15:00:00,127.16,127.6,127.09,127.53,10203947
2021-05-20 14:00:00,126.97,127.37,126.895,127.155,6264274
2021-05-20 13:00:00,127.05,127.07,126.67,126.97,8328557
2021-05-20 12:00:00,126.36,127.265,126.28,127.045,9853848
2021-05-20 11:00:00,125.835,126.47,125.76,126.36,9518289
2021-05-20 10:00:00,125.55,126.22,125.1,125.84,10364974
2021-05-20 09:00:00,124.818,125.55,124.71,125.55,400571
2021-05-20 08:00:00,124.76,125.22,124.7,125.03,170565
2021-05-20 07:00:00,124.33,124.87,124.32,124.87,20377
2021-05-20 06:00:00,124.24,124.4,124.09,124.28,16105
2021-05-20 05:00:00,124.91,124.91,124.25,124.26,15805
2021-05-19 20:00:00,124.47,124.48,124.22,124.3,68720
2021-05-19 19:00:00,124.69,124.74,124.45,124.45,67681
2021-05-19 18:00:00,124.63,124.74,124.5501,124.68,1735003
2021-05-19 17:00:00,124.69,124.82,124.46,124.67,5108275
2021-05-19 16:00:00,123.95,124.79,123.77,124.69,13563789
2021-05-19 15:00:00,124.26,124.915,123.5,123.95,12800571
2021-05-19 14:00:00,123.98,124.439,123.97,124.26,6499731
2021-05-19 13:00:00,123.8901,124.25,123.715,123.99,7693166
2021-05-19 12:00:00,123.62,124.12,123.31,123.9001,10640524
2021-05-19 11:00:00,123.345,124.05,123.1075,123.62,13667975
2021-05-19 10:00:00,123.06,124.07,122.86,123.35,12734532
2021-05-19 09:00:00,123.52,125.162,122.85,123.0401,684619
2021-05-19 08:00:00,123.5,123.67,122.95,123.05,387005
2021-05-19 07:00:00,123.1,123.48,123.06,123.41,23778
2021-05-19 06:00:00,123.5,123.71,123.01,123.19,40198
2021-05-19 05:00:00,123.83,123.83,123.16,123.44,72933
2021-05-18 20:00:00,124.62,124.85,124.4,124.4,159606
2021-05-18 19:00:00,124.63,124.81,124.6,124.67,76878
2021-05-18 18:00:00,124.66,124.85,124.6,124.64,549670
2021-05-18 17:00:00,124.85,125.05,124.55,124.67,2857162
2021-05-18 16:00:00,125.635,125.79,124.78,124.85,11785102
2021-05-18 15:00:00,126.03,126.1499,125.38,125.6382,6459097
2021-05-18 14:00:00,126.27,126.37,126.02,126.04,4658495
2021-05-18 13:00:00,126.2799,126.49,126.1841,126.27,5431823
2021-05-18 12:00:00,126.68,126.8699,126.21,126.275,7055574
2021-05-18 11:00:00,126.535,126.8154,126.2846,126.675,8944357
2021-05-18 10:00:00,126.84,126.99,125.91,126.54,9637067
2021-05-18 09:00:00,126.95,127.19,126.61,126.84,309539
2021-05-18 08:00:00,127.24,127.24,126.82,126.95,131807
2021-05-18 07:00:00,127.38,127.5,127.1,127.15,43619
2021-05-18 06:00:00,127.37,127.48,127.25,127.32,21225
2021-05-18 05:00:00,126.99,127.51,126.94,127.38,25126
2021-05-17 20:00:00,126.09,126.31,126.07,126.3,56980
2021-05-17 19:00:00,126.19,126.2,126.08,126.12,30901
2021-05-17 18:00:00,126.18,126.2,126.07,126.16,58949
2021-05-17 17:00:00,126.24,126.27,126.01,126.14,6592053
2021-05-17 16:00:00,125.59,126.27,125.41,126.27,11515126
2021-05-17 15:00:00,125.4069,125.6199,125.23,125.595,5979674
2021-05-17 14:00:00,125.59,125.705,125.17,125.4001,6388290
2021-05-17 13:00:00,125.6999,125.9,125.47,125.59,6207514
2021-05-17 12:00:00,125.98,126.13,125.61,125.695,7128532
2021-05-17 11:00:00,126.04,126.41,125.46,125.99,12505688
2021-05-17 10:00:00,126.89,127.25,126.01,126.0301,10584689
2021-05-17 09:00:00,126.74,127.45,126.65,126.91,1550336
2021-05-17 08:00:00,126.84,126.9,126.65,126.73,206897
2021-05-17 07:00:00,126.93,126.95,126.69,126.75,10402
2021-05-17 06:00:00,127.1,127.14,126.95,127.0,18277
2021-05-17 05:00:00,126.96,127.23,126.81,127.16,13902
2021-05-14 20:00:00,127.61,127.8,127.6,127.79,78413
2021-05-14 19:00:00,127.61,127.65,127.55,127.61,44912
2021-05-14 18:00:00,127.55,127.64,127.51,127.61,538947
2021-05-14 17:00:00,127.45,127.55,127.25,127.55,3497035
2021-05-14 16:00:00,127.53,127.89,127.16,127.45,13433669
2021-05-14 15:00:00,127.21,127.7311,127.15,127.53,7547408
2021-05-14 14:00:00,127.145,127.285,126.973,127.22,6184914
2021-05-14 13:00:00,126.53,127.17,126.47,127.145,6817851
2021-05-14 12:00:00,126.755,126.79,126.4011,126.52,7511098
2021-05-14 11:00:00,126.38,126.78,125.85,126.76,13687076
2021-05-14 10:00:00,126.5,127.15,125.98,126.398,13410785
2021-05-14 09:00:00,126.4501,126.62,126.1,126.5,645865
2021-05-14 08:00:00,126.48,126.62,126.3,126.47,259606
2021-05-14 07:00:00,126.41,126.55,126.38,126.45,15120
2021-05-14 06:00:00,126.3,126.68,126.3,126.49,22467
2021-05-14 05:00:00,126.0,126.33,125.82,126.3,21465
2021-05-13 20:00:00,124.78,125.11,124.6,125.03,76361
2021-05-13 19:00:00,124.8399,124.97,124.76,124.79,50734
2021-05-13 18:00:00,124.8,124.97,124.71,124.84,116626
2021-05-13 17:00:00,124.97,125.25,124.5,124.82,3756786
2021-05-13 16:00:00,125.4,125.79,124.9,124.94,13318477
2021-05-13 15:00:00,124.69,125.6701,124.68,125.39,9820209
2021-05-13 14:00:00,125.03,125.315,124.26,124.69,11367011
2021-05-13 13:00:00,124.9,125.76,124.84,125.03,10145845
2021-05-13 12:00:00,126.015,126.11,124.59,124.895,13921114
2021-05-13 11:00:00,125.34,126.15,125.16,126.0101,17332436
2021-05-13 10:00:00,123.6,125.84,123.57,125.35,19015542
2021-05-13 09:00:00,122.2001,123.91,122.12,123.57,942396
2021-05-13 08:00:00,122.19,123.56,122.14,123.25,551995
2021-05-13 07:00:00,122.14,122.47,121.88,122.25,40904
2021-05-13 06:00:00,122.13,122.63,122.02,122.1,33182
2021-05-13 05:00:00,122.1,122.3,121.68,122.05,78265
2021-05-12 20:00:00,122.75,123.0,122.6401,122.79,161439
2021-05-12 19:00:00,122.45,122.94,122.35,122.75,166898
2021-05-12 18:00:00,122.4,122.84100000000001,122.2801,122.44,606191
2021-05-12 17:00:00,122.77,123.09,122.32,122.3999,4341727
2021-05-12 16:00:00,122.76,123.06,122.26,122.82,20134304
2021-05-12 15:00:00,122.7015,122.96,122.25,122.77,10433314
2021-05-12 14:00:00,123.09,123.445,122.61,122.71,9688716
2021-05-12 13:00:00,122.81,123.1499,122.32,123.1,12604983
2021-05-12 12:00:00,123.13,123.58,122.71,122.81200000000001,12271185
2021-05-12 11:00:00,123.975,124.24,122.83,123.1301,17453613
2021-05-12 10:00:00,124.03,124.64,123.09,123.975,12932776
2021-05-12 09:00:00,125.035,125.8429,123.7,124.09,734279
2021-05-12 08:00:00,124.92,125.25,124.89,125.19,142374
2021-05-12 07:00:00,125.13,125.39,124.71,125.0,28190
2021-05-12 06:00:00,125.23,125.4,124.83,125.13,36055
2021-05-12 05:00:00,125.71,125.71,125.05,125.2,21346
2021-05-11 20:00:00,125.64,125.76,125.45,125.72,57146
2021-05-11 19:00:00,125.65,125.88,125.62,125.62,44354
2021-05-11 18:00:00,125.65,126.85,125.5,125.65,65830
2021-05-11 17:00:00,125.8,125.94,125.53,125.65,1699606
2021-05-11 16:00:00,125.73,126.22,125.28,125.85,14408037
2021-05-11 15:00:00,125.9299,126.27,125.5101,125.735,10348117
2021-05-11 14:00:00,124.95,126.1699,124.885,125.926,9757651
2021-05-11 13:00:00,125.14,125.725,124.73,124.9595,10629859
2021-05-11 12:00:00,124.24,125.42,123.9416,125.13,14299903
2021-05-11 11:00:00,124.71,124.72,123.26,124.24,20042356
2021-05-11 10:00:00,123.0,126.85,122.77,124.7085,36410372
2021-05-11 09:00:00,124.4,124.7696,122.9,123.0,1585550
2021-05-11 08:00:00,124.35,124.77,123.7,123.7,798632
2021-05-11 07:00:00,124.65,124.69,124.12,124.53,114121
2021-05-11 06:00:00,124.61,125.0,124.55,124.74,98179
2021-05-11 05:00:00,124.75,125.25,124.04,124.77,133464
2021-05-10 20:00:00,126.41,126.47,126.3,126.32,148606
2021-05-10 19:00:00,126.46,126.53,126.31,126.42,162276
2021-05-10 18:00:00,126.5,126.85,126.31,126.46,371271
2021-05-10 17:00:00,126.85,127.9881,126.324,126.45,2257994
2021-05-10 16:00:00,127.065,127.5,126.81,126.86,15706530
2021-05-10 15:00:00,128.06,128.11,126.82,127.06,12605898
2021-05-10 14:00:00,128.32,128.5,127.97,128.055,5830428
2021-05-10 13:00:00,128.54,128.705,128.16,128.32,6300295
2021-05-10 12:00:00,128.19,128.5471,127.89,128.5339,9853619
2021-05-10 11:00:00,128.46,128.65,127.865,128.185,14239919
2021-05-10 10:00:00,129.86,130.04,128.174,128.45,12026114
2021-05-10 09:00:00,129.9599,130.18,129.7,129.86,278779
2021-05-10 08:00:00,130.14,130.17,129.7,129.78,134418
2021-05-10 07:00:00,129.85,130.16,129.85,130.16,13834
2021-05-10 06:00:00,129.6,129.9,129.6,129.9,9453
2021-05-10 05:00:00,129.98,130.18,129.7,129.7,26190
2021-05-07 20:00:00,130.22,130.49,130.2,130.49,63011
2021-05-07 19:00:00,130.21,130.3,130.2,130.24,18297
2021-05-07 18:00:00,130.28,130.3,130.2,130.23,46255
2021-05-07 17:00:00,130.21,130.4,130.1,130.32,3723564
2021-05-07 16:00:00,130.3,130.6,130.17,130.21,9984082
2021-05-07 15:00:00,130.0,131.02,129.85,130.3099,6200371
2021-05-07 14:00:00,130.595,130.62,130.0,130.01,6313661
2021-05-07 13:00:00,131.1201,131.15,130.38,130.5915,6676249
2021-05-07 12:00:00,130.56,131.2582,130.47,131.12,9480492
2021-05-07 11:00:00,130.14,130.97,129.98,130.56,15153486
2021-05-07 10:00:00,131.25,131.6,129.475,130.14,12468932
2021-05-07 09:00:00,130.05,132.0,129.81,131.29,1469831
2021-05-07 08:00:00,129.99,130.07,129.9,129.96,113351
2021-05-07 07:00:00,129.9,130.05,129.86,129.96,20996
2021-05-07 06:00:00,129.72,129.9,129.72,129.76,8168
2021-05-07 05:00:00,129.93,129.93,129.38,129.71,26582
2021-05-06 20:00:00,129.790708426,129.870573488,129.670910833,129.830640957,100582
2021-05-06 19:00:00,129.960421682,129.970404815,129.690877099,129.800691559,95977
2021-05-06 18:00:00,129.441298781,130.010337346,129.441298781,129.960421682,160430
2021-05-06 17:00:00,129.52116384299998,129.561096374,129.361433719,129.43131564799998,1959451
2021-05-06 16:00:00,128.462951775,129.531146975,128.38308671299998,129.51118071,13037682
2021-05-06 15:00:00,128.502884306,128.822344553,128.10855056399998,128.462851944,7669425
2021-05-06 14:00:00,128.662614429,128.792395154,128.341556881,128.507875872,5103752
2021-05-06 13:00:00,128.512867438,129.012024074,127.93284742799999,128.663013755,8051160
2021-05-06 12:00:00,127.918871042,128.842310818,127.404739707,128.507875872,11289750
2021-05-06 11:00:00,127.36979874299999,128.293238519,127.105245726,127.913879476,13072923
2021-05-06 10:00:00,127.694250556,128.33317105,126.915566204,127.36979874299999,11344814
2021-05-06 09:00:00,127.93374591,128.093575864,127.484604769,127.694250556,394276
2021-05-06 08:00:00,128.023693935,128.123525263,127.744166219,127.89391321,116310
2021-05-06 07:00:00,127.983761405,128.22335659,127.814048148,127.913879476,17121
2021-05-06 06:00:00,128.173440926,128.293238519,127.764132485,127.94382887399999,26540
2021-05-06 05:00:00,128.023693935,128.38308671299998,128.023693935,128.093575864,18602
2021-05-05 20:00:00,127.71421682100001,127.824031281,127.67428429,127.764132485,139884
2021-05-05 19:00:00,127.80406501600001,127.883930077,127.69435038700001,127.75414935200001,55590
2021-05-05 18:00:00,127.734183087,127.883930077,127.594419229,127.824031281,112053
2021-05-05 17:00:00,127.883930077,127.983761405,127.724199954,127.744166219,2594132
2021-05-05 16:00:00,128.586742621,129.00703250799998,127.75414935200001,127.933845741,14614068
2021-05-05 15:00:00,129.091889136,129.111855401,128.423019244,128.58274936700002,7573190
2021-05-05 14:00:00,129.221669861,129.371416852,128.942142145,129.088295208,5846006
2021-05-05 13:00:00,129.930472284,129.970304984,129.192718776,129.231652994,6355781
2021-05-05 12:00:00,129.531146975,129.980387948,129.251619259,129.929374139,8390112
2021-05-05 11:00:00,129.51118071,129.700860232,128.642648164,129.536138542,16181919
2021-05-05 10:00:00,128.722513225,130.229966265,128.552799969,129.511080879,17167187
2021-05-05 09:00:00,128.562783102,129.012024074,128.462951775,128.732496358,740414
2021-05-05 08:00:00,128.78241202200002,128.792395154,128.452968642,128.682580695,291837
2021-05-05 07:00:00,128.682580695,128.882243349,128.67259756200002,128.78241202200002,61376
2021-05-05 06:00:00,128.572766235,128.882243349,128.522850571,128.682580695,43399
2021-05-05 05:00:00,128.183424059,128.602715633,128.143491528,128.572766235,78041
2021-05-04 20:00:00,127.47462163600001,127.63435176,127.30490838,127.484604769,117615
2021-05-04 19:00:00,127.56446983100001,127.574452963,127.38477344200001,127.46463850299999,97753
2021-05-04 18:00:00,127.454655371,127.63435176,127.454655371,127.574452963,196574
2021-05-04 17:00:00,127.63435176,127.684267423,127.38477344200001,127.46463850299999,4281452
2021-05-04 16:00:00,127.215060186,127.78409875,126.925549337,127.724199954,20922065
2021-05-04 15:00:00,126.76581921299999,127.37479030899999,126.656004754,127.20697384799999,10404467
2021-05-04 14:00:00,126.656004754,127.085179629,126.48629149700001,126.775802346,13127008
2021-05-04 13:00:00,126.71590355,127.264975849,126.626055355,126.656004754,14151391
2021-05-04 12:00:00,127.97876983799999,128.053643334,126.516240896,126.71600338100001,20104702
2021-05-04 11:00:00,128.314502591,128.602715633,127.62436862700001,127.97876983799999,23605347
2021-05-04 10:00:00,130.947753508,131.268112236,128.174439239,128.313204784,19957608
2021-05-04 09:00:00,131.71745304,131.857216898,130.649257839,130.928785555,2546694
2021-05-04 08:00:00,131.697486775,131.857216898,130.779038565,130.848920494,325542
2021-05-04 07:00:00,131.767368704,131.787334969,131.407975926,131.65755424399998,33251
2021-05-04 06:00:00,131.60763858,131.817284367,131.487840988,131.747402438,21587
2021-05-04 05:00:00,131.65755424399998,131.857216898,131.378026528,131.60763858,33263
2021-05-03 20:00:00,132.096812083,132.12676148100002,132.02693015399998,132.106795216,58388
2021-05-03 19:00:00,132.12676148100002,132.176677145,132.106795216,132.146727747,37754
2021-05-03 18:00:00,132.19664341,132.316441003,132.07684581799998,132.106795216,96472
2021-05-03 17:00:00,132.316441003,132.316441003,132.12676148100002,132.19664341,2610658
2021-05-03 16:00:00,132.615934984,132.75569884200002,132.171585747,132.326424136,9572732
2021-05-03 15:00:00,132.236575941,132.73573257700002,132.22669264,132.610943418,6510104
2021-05-03 14:00:00,132.226592808,132.386322932,131.98699762299998,132.237773917,6328148
2021-05-03 13:00:00,132.590977152,132.69580004600002,132.08682895,132.226592808,6445550
2021-05-03 12:00:00,132.551044622,132.735632746,131.917115694,132.590977152,10160977
2021-05-03 11:00:00,132.975327762,133.843860308,132.406289197,132.546053055,17038218
2021-05-03 10:00:00,131.93708196,133.130066319,131.60763858,132.980718654,11404919
2021-05-03 09:00:00,131.627604846,131.96703135799999,131.597655447,131.93708196,473241
2021-05-03 08:00:00,131.517790386,132.006963889,131.437925324,131.817284367,237596
2021-05-03 07:00:00,131.45789158899998,131.90713256200002,131.447908457,131.447908457,33445
2021-05-03 06:00:00,131.627604846,131.747402438,131.2781952,131.427942191,27662
2021-05-03 05:00:00,131.677520509,132.07684581799998,131.527773518,131.637587978,65074
2021-04-30 20:00:00,131.248245802,131.298161466,131.158397608,131.298161466,97637
2021-04-30 19:00:00,131.33809399700002,131.33809399700002,131.23826267,131.258129104,42685
2021-04-30 18:00:00,131.23826267,131.348077129,131.218296404,131.33809399700002,85400
2021-04-30 17:00:00,131.298161466,132.44622172799998,131.118465077,131.2781952,3699335
2021-04-30 16:00:00,131.642579545,132.056879552,130.843928927,131.298161466,18619692
2021-04-30 15:00:00,131.527773518,131.847233765,131.268212068,131.637587978,9616516
2021-04-30 14:00:00,132.206626543,132.41627233,131.41795905799998,131.517790386,10355878
2021-04-30 13:00:00,132.805614506,132.955361497,132.056879552,132.211618109,9264673
2021-04-30 12:00:00,133.234889213,133.254855478,132.775665108,132.805714337,9683417
2021-04-30 11:00:00,132.52608679,133.33472054,131.977014491,133.229897646,25820691
2021-04-30 10:00:00,131.767368704,132.615934984,131.13843134200002,132.53606992299999,13217611
2021-04-30 09:00:00,132.076945649,132.266525339,131.328110864,131.767368704,842157
2021-04-30 08:00:00,132.04689642,132.27650847200002,131.637587978,131.777351836,379228
2021-04-30 07:00:00,132.52608679,132.52608679,131.637587978,132.02693015399998,98785
2021-04-30 06:00:00,132.725749444,132.855530169,132.436238595,132.52608679,27910
2021-04-30 05:00:00,132.476171126,133.085142222,132.476171126,132.775665108,42446
2021-04-29 20:00:00,132.73573257700002,132.775665108,132.30645787,132.456204861,201631
2021-04-29 19:00:00,132.815597639,132.875496435,132.69580004600002,132.74571571,159104
2021-04-29 18:00:00,132.875496435,133.254855478,132.775665108,132.795631373,350671
2021-04-29 17:00:00,133.254855478,133.274821743,132.655867515,132.875496435,1239518
2021-04-29 16:00:00,133.9786326,134.20325308600002,133.045209691,133.254855478,16326218
2021-04-29 15:00:00,133.604265123,134.343016944,133.514416929,133.981827202,13045750
2021-04-29 14:00:00,132.760690409,133.644197654,132.576002453,133.59428199,15844639
2021-04-29 13:00:00,132.945378364,134.187479736,132.226592808,132.75569884200002,15902220
2021-04-29 12:00:00,133.954173925,134.43286513799998,132.476171126,132.935395231,19950481
2021-04-29 11:00:00,133.993607299,134.333033811,133.374653071,133.963657901,27477764
2021-04-29 10:00:00,137.068412175,137.23812543100001,133.644197654,134.003590432,33437023
2021-04-29 09:00:00,137.128310971,137.477720616,136.369592885,137.04844591,1855330
2021-04-29 08:00:00,136.98854711299998,137.487703749,136.788884459,136.868749521,717206
2021-04-29 07:00:00,137.258091697,137.41782182,136.868749521,136.968580848,121843
2021-04-29 06:00:00,137.32797362600002,137.487703749,136.948614583,137.168243502,110346
2021-04-29 05:00:00,136.768918194,137.567568811,136.669086867,137.407838687,242679
2021-04-28 20:00:00,136.379576018,136.768918194,136.279744691,136.469424212,562596
2021-04-28 19:00:00,136.489390478,137.008513379,136.219845894,136.359609752,1218227
2021-04-28 18:00:00,137.617484474,138.03677604799998,135.281431419,136.489390478,5735134
2021-04-28 17:00:00,133.354686805,139.26470137200002,133.354686805,137.63745074,14267381
2021-04-28 16:00:00,134.083455493,134.173303688,133.085142222,133.59428199,17341214
2021-04-28 15:00:00,133.744028981,134.547671165,133.424568734,134.081159373,12636062
2021-04-28 14:00:00,133.419577168,133.803927777,133.284804876,133.74392915,6817694
2021-04-28 13:00:00,133.009270413,133.582302231,132.865513302,133.414585601,9390217
2021-04-28 12:00:00,133.888784405,133.998598865,132.855530169,133.00527716,9997264
2021-04-28 11:00:00,134.462814537,134.792257916,133.569324159,133.88539014,13574908
2021-04-28 10:00:00,134.14335429,134.702409722,133.70709139,134.462814537,11263799
2021-04-28 09:00:00,134.293001449,134.472797669,133.983624166,134.14335429,482810
2021-04-28 08:00:00,133.943691635,134.472797669,133.913742237,134.173303688,340543
2021-04-28 07:00:00,133.913742237,134.043522963,133.833877175,133.943691635,29763
2021-04-28 06:00:00,134.053506095,134.053506095,133.69411331700002,133.883792839,26819
2021-04-28 05:00:00,134.083455493,134.472797669,133.773978379,134.093438626,24484
2021-04-27 20:00:00,134.612561527,134.72237598700002,134.562645864,134.562645864,132975
2021-04-27 19:00:00,134.313067546,134.642510925,134.273135015,134.63252779299998,216501
2021-04-27 18:00:00,134.243285448,134.323050679,134.14335429,134.303084413,387272
2021-04-27 17:00:00,134.163320555,134.565740635,133.973641034,134.243185617,1504421
2021-04-27 16:00:00,134.273135015,134.572628996,133.973641034,134.163320555,11074056
2021-04-27 15:00:00,134.288109714,134.62254466,134.123388024,134.27622978600002,6781287
2021-04-27 14:00:00,134.427873572,134.532696466,134.223219351,134.288009883,4407881
2021-04-27 13:00:00,134.188278387,134.852056881,134.183386652,134.426775427,7275155
2021-04-27 12:00:00,134.148345856,134.442848271,134.053506095,134.184684459,6414675
2021-04-27 11:00:00,134.243185617,134.707401288,133.883792839,134.148345856,12986473
2021-04-27 10:00:00,135.361296481,135.371279614,134.043522963,134.25316875,10369581
2021-04-27 09:00:00,134.991820739,135.511043472,134.717384421,135.361296481,552614
2021-04-27 08:00:00,134.692426589,135.241498888,134.67246032399999,135.181600092,275796
2021-04-27 07:00:00,134.532696466,134.77229165100002,134.5127302,134.77229165100002,13247
2021-04-27 06:00:00,134.63252779299998,134.872122978,134.422882006,134.5127302,31406
2021-04-27 05:00:00,134.662477191,134.77229165100002,134.462814537,134.612561527,9191
2021-04-26 20:00:00,134.492763935,134.67246032399999,134.472797669,134.67246032399999,72425
2021-04-26 19:00:00,134.482780802,134.52271333299998,134.452831404,134.492763935,220209
2021-04-26 18:00:00,134.5127302,134.532696466,134.442848271,134.46291436799999,1238223
2021-04-26 17:00:00,134.492763935,134.612561527,134.283118148,134.502747067,2319489
2021-04-26 16:00:00,134.797249482,134.83219044700002,134.20325308600002,134.502747067,9926015
2021-04-26 15:00:00,134.178295254,134.83219044700002,134.173303688,134.797249482,6819495
2021-04-26 14:00:00,134.25816031600002,134.462814537,134.123388024,134.178295254,5070210
2021-04-26 13:00:00,134.274332991,134.412898873,133.981927034,134.26315188200002,5692974
2021-04-26 12:00:00,134.25416706299998,134.602578395,134.213236219,134.273234846,6385363
2021-04-26 11:00:00,133.853843441,134.572628996,133.804426934,134.25316875,10105340
2021-04-26 10:00:00,134.392932608,134.73235912,133.33472054,133.863826574,12710122
2021-04-26 09:00:00,133.823993874,134.452831404,133.59428199,134.382949475,517864
2021-04-26 08:00:00,133.744028981,134.323050679,133.504433796,134.233202484,349684
2021-04-26 07:00:00,133.69411331700002,133.843860308,133.59428199,133.654180787,16983
2021-04-26 06:00:00,133.933708503,133.933708503,133.674147052,133.714079583,12859
2021-04-26 05:00:00,133.674147052,133.963657901,133.524400061,133.863826574,53391
2021-04-23 20:00:00,134.03353983,134.073472361,133.993607299,134.06348922799998,42336
2021-04-23 19:00:00,134.03353983,134.083455493,134.003590432,134.03353983,64108
2021-04-23 18:00:00,133.983624166,134.093438626,133.943691635,134.023556697,148196
2021-04-23 17:00:00,134.093438626,134.11480253,133.943691635,133.983624166,3123521
2021-04-23 16:00:00,134.63252779299998,134.762308518,133.973641034,134.073472361,12460250
2021-04-23 15:00:00,134.392932608,134.872122978,134.372966342,134.62264449100002,8149347
2021-04-23 14:00:00,134.362983209,134.892089243,134.26315188200002,134.393930921,9683849
2021-04-23 13:00:00,134.148345856,134.372966342,133.873809706,134.362983209,8285004
2021-04-23 12:00:00,133.514416929,134.35300007700002,133.394619336,134.15333742200002,10532884
2021-04-23 11:00:00,132.945378364,133.554349459,132.78564824,133.514416929,11169004
2021-04-23 10:00:00,131.917115694,133.155024151,131.867200031,132.95036993,8779271
2021-04-23 09:00:00,131.93698212799998,132.186660278,131.8272675,131.927098827,295258
2021-04-23 08:00:00,131.977014491,132.186660278,131.8272675,132.02693015399998,138278
2021-04-23 07:00:00,131.807301234,132.056879552,131.79731810200002,132.04689642,10266
2021-04-23 06:00:00,131.927098827,131.927098827,131.777351836,131.777351836,16418
2021-04-23 05:00:00,131.927098827,131.977014491,131.777351836,131.977014491,23567
2021-04-22 20:00:00,131.79731810200002,131.857216898,131.65755424399998,131.65755424399998,58654
2021-04-22 19:00:00,131.65755424399998,131.79731810200002,131.65755424399998,131.79731810200002,54478
2021-04-22 18:00:00,131.70746990700002,131.767368704,131.617621713,131.65755424399998,66118
2021-04-22 17:00:00,131.71745304,132.534272959,131.617621713,131.737419305,3579295
2021-04-22 16:00:00,132.02693015399998,132.296474737,131.639185279,131.71745304,12333124
2021-04-22 15:00:00,131.57529323,132.825580771,131.18834700600001,132.02693015399998,12822362
2021-04-22 14:00:00,133.798936211,133.853843441,131.397992793,131.582680748,16597331
2021-04-22 13:00:00,133.59428199,133.873809706,133.314754274,133.803927777,5621629
2021-04-22 12:00:00,133.744028981,133.883792839,133.394619336,133.58599599,6982497
2021-04-22 11:00:00,132.735632746,133.92372537,132.386322932,133.739037415,12640032
2021-04-22 10:00:00,133.075159089,133.174990416,132.296474737,132.73573257700002,8923832
2021-04-22 09:00:00,133.00527716,133.234889213,132.775665108,133.075159089,310796
2021-04-22 08:00:00,133.174990416,133.174990416,132.78564824,132.885479568,101116
2021-04-22 07:00:00,133.085142222,133.32473740700001,133.085142222,133.21492294700002,10811
2021-04-22 06:00:00,133.174990416,133.274821743,133.075159089,133.135057885,5236
2021-04-22 05:00:00,133.174990416,133.374653071,133.135057885,133.22490608,10784
2021-04-21 20:00:00,133.00527716,133.055192824,132.675833781,132.675833781,92557
2021-04-21 19:00:00,132.985310895,133.075159089,132.92541209799998,133.01526029299998,39461
2021-04-21 18:00:00,133.045209691,133.045209691,132.8954627,132.985310895,82919
2021-04-21 17:00:00,133.274821743,133.314754274,132.775665108,133.035226558,1349348
2021-04-21 16:00:00,132.98031932799998,133.524400061,132.865513302,133.26483861100002,9570934
2021-04-21 15:00:00,132.843151085,133.204939814,132.825580771,132.985310895,5429551
2021-04-21 14:00:00,132.61793161100002,133.035226558,132.59596871899998,132.831570651,5106023
2021-04-21 13:00:00,133.206337453,133.209931381,132.52608679,132.615036502,7220665
2021-04-21 12:00:00,131.947065092,133.274821743,131.867200031,133.209931381,10524515
2021-04-21 11:00:00,132.396306065,132.436238595,131.687603473,131.947065092,11434495
2021-04-21 10:00:00,132.476171126,132.825580771,131.07863237799998,132.406289197,12383749
2021-04-21 09:00:00,132.74571571,133.216919574,132.156710879,132.466187994,342688
2021-04-21 08:00:00,132.75569884200002,132.765681975,132.436238595,132.476171126,123267
2021-04-21 07:00:00,132.55603618799998,132.84554703700002,132.41627233,132.84554703700002,16994
2021-04-21 06:00:00,132.356373534,132.825580771,132.356373534,132.486154259,21467
2021-04-21 05:00:00,132.366356666,132.41627233,132.08682895,132.356373534,14495
2021-04-20 20:00:00,132.30645787,132.336407268,131.977014491,132.07684581799998,105940
2021-04-20 19:00:00,132.396306065,132.52608679,132.256542207,132.326424136,66463
2021-04-20 18:00:00,132.376339799,132.885479568,132.286491605,132.406289197,286202
2021-04-20 17:00:00,132.905445833,132.935395231,132.296474737,132.386322932,1549395
2021-04-20 16:00:00,131.76726887200002,132.975327762,131.76726887200002,132.8954627,13962837
2021-04-20 15:00:00,132.935395231,132.945278533,131.587672315,131.76237713700002,11014422
2021-04-20 14:00:00,133.32473740700001,133.59428199,132.13664478299998,132.937092364,11910462
2021-04-20 13:00:00,132.935395231,133.514416929,132.885479568,133.33442104600002,7869700
2021-04-20 12:00:00,133.449526566,133.574315725,132.056879552,132.930403665,14940731
2021-04-20 11:00:00,134.986929004,135.21154949,133.26483861100002,133.454518132,15338769
2021-04-20 10:00:00,134.43286513799998,135.301397685,134.213236219,134.981937438,12498460
2021-04-20 09:00:00,134.243185617,134.63252779299998,134.02575298600001,134.422882006,718085
2021-04-20 08:00:00,134.20325308600002,134.52271333299998,134.10342175899999,134.422882006,134555
2021-04-20 07:00:00,134.183286821,134.372966342,133.89377597200001,134.193269953,35614
2021-04-20 06:00:00,134.782274783,134.862139845,134.073472361,134.173303688,34761
2021-04-20 05:00:00,134.77229165100002,134.95198804,134.15333742200002,134.822207314,38251
2021-04-19 20:00:00,134.73235912,134.77229165100002,134.662477191,134.752325385,100133
2021-04-19 19:00:00,134.662477191,134.77229165100002,134.612561527,134.762308518,179501
2021-04-19 18:00:00,134.572628996,134.67246032399999,134.542679598,134.67246032399999,92467
2021-04-19 17:00:00,134.612561527,134.702409722,134.323050679,134.572628996,12893820
2021-04-19 16:00:00,134.35300007700002,134.712392854,133.918733804,134.63252779299998,11112895
2021-04-19 15:00:00,134.323050679,134.592595262,134.10342175899999,134.34800851,8089282
2021-04-19 14:00:00,133.828885609,134.442848271,133.734045848,134.326045618,6193584
2021-04-19 13:00:00,134.14335429,134.313067546,133.49445066299998,133.82010045200002,9949295
2021-04-19 12:00:00,134.572628996,134.862139845,134.023556697,134.15333742200002,10575963
2021-04-19 11:00:00,135.00190370299998,135.241498888,133.92372537,134.568735575,16074074
2021-04-19 10:00:00,133.534383194,135.10173503,133.11509162,134.99192057,13948398
2021-04-19 09:00:00,133.763995246,134.268143449,133.474484398,133.544366327,380533
2021-04-19 08:00:00,133.78396151200002,133.89377597200001,133.564332592,133.734045848,111210
2021-04-19 07:00:00,134.073472361,134.093438626,133.534383194,133.78396151200002,26895
2021-04-19 06:00:00,134.123388024,134.163320555,133.95367476799998,134.083455493,8181
2021-04-19 05:00:00,134.01357356399998,134.173303688,133.933708503,134.173303688,18543
2021-04-16 20:00:00,133.883792839,133.92372537,133.843860308,133.863826574,53539
2021-04-16 19:00:00,133.823894043,133.933708503,133.823894043,133.89377597200001,64174
2021-04-16 18:00:00,133.81391091,134.043522963,133.773978379,133.81391091,756923
2021-04-16 17:00:00,133.933708503,133.933708503,133.773978379,133.81391091,2962579
2021-04-16 16:00:00,133.768986813,133.95367476799998,133.659172353,133.92372537,11480674
2021-04-16 15:00:00,133.309762708,133.89377597200001,133.289796443,133.763995246,6827537
2021-04-16 14:00:00,133.559341026,133.69401348600002,133.30477114200002,133.309762708,5301333
2021-04-16 13:00:00,133.599273557,133.903659273,133.504533627,133.554349459,7255105
2021-04-16 12:00:00,133.739037415,133.871713248,133.444535,133.604265123,8804691
2021-04-16 11:00:00,133.189965115,134.35300007700002,133.135157717,133.744028981,14347069
2021-04-16 10:00:00,134.552662731,134.752325385,133.055192824,133.184973549,15489620
2021-04-16 09:00:00,134.083555325,134.67246032399999,134.083455493,134.562645864,807409
2021-04-16 08:00:00,133.973641034,134.572628996,133.973641034,134.5127302,122431
2021-04-16 07:00:00,133.903759105,134.043522963,133.823894043,134.01357356399998,8939
2021-04-16 06:00:00,133.883792839,134.023556697,133.773978379,133.903759105,9820
2021-04-16 05:00:00,134.06348922799998,134.133371157,133.873809706,133.873809706,14805
2021-04-15 20:00:00,134.163320555,134.163320555,134.073472361,134.14335429,42698
2021-04-15 19:00:00,134.043522963,134.173303688,133.963657901,134.173303688,54372
2021-04-15 18:00:00,134.03353983,134.123388024,133.973641034,134.113404892,52823
2021-04-15 17:00:00,134.273135015,134.273135015,133.973641034,134.053506095,2833641
2021-04-15 16:00:00,134.043522963,134.283118148,133.714079583,134.283118148,11858177
2021-04-15 15:00:00,134.362983209,134.462714705,133.903759105,134.053506095,6518412
2021-04-15 14:00:00,134.34800851,134.532696466,134.043522963,134.357991643,8100409
2021-04-15 13:00:00,134.083455493,134.360187932,133.474484398,134.343016944,10433075
2021-04-15 12:00:00,134.073472361,134.467806103,133.823894043,134.08535228899999,8888823
2021-04-15 11:00:00,134.133371157,134.77229165100002,133.843860308,134.083455493,15171243
2021-04-15 10:00:00,133.464501265,134.73235912,133.21492294700002,134.133271326,15094811
2021-04-15 09:00:00,132.745815541,133.524400061,132.136744614,133.464501265,559622
2021-04-15 08:00:00,132.725749444,133.204939814,132.675833781,133.065175956,218535
2021-04-15 07:00:00,132.496137392,132.84554703700002,132.426255463,132.78564824,14772
2021-04-15 06:00:00,132.59596871899998,132.605951852,132.496137392,132.576002453,10398
2021-04-15 05:00:00,132.546053055,132.84554703700002,132.396306065,132.52608679,23027
2021-04-14 20:00:00,132.02693015399998,132.116778349,131.87718316299998,131.927098827,88811
2021-04-14 19:00:00,132.08682895,132.12676148100002,131.977014491,132.036913287,71459
2021-04-14 18:00:00,131.927098827,132.74571571,131.887166296,132.12676148100002,106604
2021-04-14 17:00:00,131.807301234,132.016947021,131.777351836,131.897149429,3817508
2021-04-14 16:00:00,132.066862685,132.965344629,131.597655447,131.927098827,14472008
2021-04-14 15:00:00,132.466187994,132.73573257700002,131.432933758,132.066862685,12154613
2021-04-14 14:00:00,133.30477114200002,133.354686805,132.346390401,132.447519535,5530863
2021-04-14 13:00:00,133.10520831899998,134.58261212899998,132.75569884200002,133.30477114200002,6740630
2021-04-14 12:00:00,133.065175956,133.254855478,132.346390401,133.105108487,10908512
2021-04-14 11:00:00,133.788953078,133.803927777,133.025243426,133.06018439,12552030
2021-04-14 10:00:00,134.5127302,134.77229165100002,133.22490608,133.793944645,13764494
2021-04-14 09:00:00,134.527205743,135.071785632,134.452831404,134.492763935,697606
2021-04-14 08:00:00,134.532696466,134.792257916,134.472797669,134.77229165100002,264685
2021-04-14 07:00:00,134.40291574,134.572628996,134.223219351,134.52271333299998,34887
2021-04-14 06:00:00,134.442848271,134.472797669,134.362983209,134.43286513799998,17806
2021-04-14 05:00:00,134.652494058,134.652494058,133.993607299,134.442848271,30673
2021-04-13 20:00:00,134.053506095,134.073472361,133.963657901,133.993607299,132252
2021-04-13 19:00:00,134.123388024,134.173303688,134.01357356399998,134.053506095,58992
2021-04-13 18:00:00,134.213236219,134.25316875,134.083455493,134.123388024,107504
2021-04-13 17:00:00,134.20325308600002,134.362983209,134.173303688,134.233202484,3035760
2021-04-13 16:00:00,134.128379591,134.412898873,133.993607299,134.183286821,12638144
2021-04-13 15:00:00,134.049213348,134.323050679,133.823894043,134.133371157,7316552
2021-04-13 14:00:00,133.908750671,134.303084413,133.84396014,134.043522963,7145020
2021-04-13 13:00:00,132.835563904,134.43286513799998,132.775665108,133.903759104,17484165
2021-04-13 12:00:00,132.930403665,133.209931381,132.59596871899998,132.828575711,8593873
2021-04-13 11:00:00,132.8954627,133.414585601,132.546053055,132.930403665,13452638
2021-04-13 10:00:00,131.617621713,133.464501265,131.158397608,132.890471134,14764241
2021-04-13 09:00:00,130.57937591,131.727436173,130.42962892,131.627604846,775530
2021-04-13 08:00:00,130.61930844100002,130.719139768,130.399679522,130.559409645,181039
2021-04-13 07:00:00,130.858903626,130.858903626,130.489527716,130.489527716,8692
2021-04-13 06:00:00,130.649257839,130.868886759,130.57937591,130.868886759,21713
2021-04-13 05:00:00,130.808987963,130.998667484,130.589359043,130.589359043,21103
2021-04-12 20:00:00,131.02861688299998,131.13843134200002,130.808987963,130.808987963,97474
2021-04-12 19:00:00,131.01863375,131.168380741,130.998667484,131.038600015,47029
2021-04-12 18:00:00,131.098498812,131.12844821,130.998667484,131.008650617,72113
2021-04-12 17:00:00,131.01863375,131.23826267,130.988684352,131.098498812,5769001
2021-04-12 16:00:00,130.789021697,131.308144599,130.629291574,131.038600015,13845784
2021-04-12 15:00:00,131.2781952,131.60763858,130.699173503,130.794013264,7497623
2021-04-12 14:00:00,131.617621713,132.04689642,131.22827953700002,131.287080189,8439823
2021-04-12 13:00:00,130.759072299,131.637587978,130.61930844100002,131.627604846,8085838
2021-04-12 12:00:00,130.958734954,131.208313271,130.409662654,130.759072299,10669803
2021-04-12 11:00:00,131.41795905799998,132.011955455,130.828954228,130.953743387,13384616
2021-04-12 10:00:00,132.296474737,132.625918117,131.148414475,131.427942191,15188655
2021-04-12 09:00:00,132.106695384,132.63590125,131.927098827,132.30645787,492747
2021-04-12 08:00:00,132.04689642,132.655867515,131.887166296,132.456204861,256594
2021-04-12 07:00:00,132.436238595,132.456204861,131.837250633,131.957048225,62698
2021-04-12 06:00:00,132.376339799,132.466187994,132.346390401,132.426255463,21706
2021-04-12 05:00:00,132.765681975,132.765681975,132.336407268,132.376339799,60275
2021-04-09 20:00:00,132.63590125,132.725749444,132.605951852,132.685816913,101948
2021-04-09 19:00:00,132.75569884200002,132.805614506,132.59596871899998,132.655867515,110741
2021-04-09 18:00:00,132.69580004600002,132.805614506,132.615934984,132.73573257700002,1087892
2021-04-09 17:00:00,132.770673541,132.805614506,130.753681408,132.69580004600002,3613370
2021-04-09 16:00:00,132.039908227,132.815597639,131.677520509,132.765681975,19947532
2021-04-09 15:00:00,132.186660278,132.27151690600002,131.787334969,132.038111263,9968972
2021-04-09 14:00:00,131.55273135,132.396306065,131.509504385,132.176677145,13749780
2021-04-09 13:00:00,131.21130821100002,131.587672315,131.048682979,131.55273135,8204392
2021-04-09 12:00:00,130.559409645,131.328110864,130.31981446,131.210010404,12057849
2021-04-09 11:00:00,130.61930844100002,131.208313271,130.449595185,130.549526344,16088805
2021-04-09 10:00:00,129.20170359600002,130.833945795,129.081906003,130.630289887,14866934
2021-04-09 09:00:00,129.780725293,130.46456988399999,129.081906003,129.221669861,847733
2021-04-09 08:00:00,129.810674691,130.050269877,129.690877099,129.800691559,209840
2021-04-09 07:00:00,129.680893966,129.830640957,129.371416852,129.800691559,37465
2021-04-09 06:00:00,129.980387948,129.980387948,129.591045772,129.680893966,18568
2021-04-09 05:00:00,130.070236142,130.120151806,129.640961435,129.970404815,37611
2021-04-08 20:00:00,130.379713256,130.649257839,130.379713256,130.649257839,132563
2021-04-08 19:00:00,130.45957831799998,130.489527716,130.339780725,130.389696389,125676
2021-04-08 18:00:00,130.439612052,130.499510849,130.399679522,130.489427885,144642
2021-04-08 17:00:00,130.14011807100002,130.42962892,130.120151806,130.42962892,1173841
2021-04-08 16:00:00,130.055261443,130.170067469,129.700860232,130.157289059,12850330
2021-04-08 15:00:00,129.73080963,130.170067469,129.695868665,130.06015317799998,8387252
2021-04-08 14:00:00,129.596037338,130.050269877,129.522761144,129.728114184,9872500
2021-04-08 13:00:00,129.371416852,129.680893966,129.186728897,129.600829242,8326355
2021-04-08 12:00:00,129.03199034,129.446290347,128.842410649,129.361433719,8342891
2021-04-08 11:00:00,129.751674377,129.850607222,128.802378287,129.025002147,16699771
2021-04-08 10:00:00,128.512867438,129.780725293,128.303221651,129.75536813600002,16411091
2021-04-08 09:00:00,128.602715633,128.832327685,128.00272935700002,128.502884306,751229
2021-04-08 08:00:00,128.622681898,128.822344553,128.403052979,128.682580695,295492
2021-04-08 07:00:00,128.732496358,128.982074676,128.602715633,128.622681898,50939
2021-04-08 06:00:00,128.423019244,128.762445756,128.283255386,128.652631296,35731
2021-04-08 05:00:00,128.393069846,128.682580695,128.283255386,128.423019244,42806
2021-04-07 20:00:00,128.00372767,128.183424059,127.78409875,128.183424059,149686
2021-04-07 19:00:00,127.90389634299999,128.073609599,127.86396381200001,128.00372767,136508
2021-04-07 18:00:00,127.89391321,127.983761405,127.814048148,127.90389634299999,646268
2021-04-07 17:00:00,127.684267423,127.90389634299999,127.258985969,127.883930077,1751591
2021-04-07 16:00:00,127.364807176,127.70423368899999,126.995431266,127.694250556,14380178
2021-04-07 15:00:00,127.035263965,127.56446983100001,127.025380664,127.364807176,9314663
2021-04-07 14:00:00,126.872039745,127.08527946,126.638833765,127.025480495,7019230
2021-04-07 13:00:00,127.09526259299999,127.264975849,126.81573487700001,126.875633673,8358857
2021-04-07 12:00:00,126.68595415200001,127.254992716,126.53620716100001,127.105145894,11417542
2021-04-07 11:00:00,125.90726979999998,127.025380664,125.827404738,126.675971019,13715590
2021-04-07 10:00:00,125.68764088,125.99711799399999,124.928922794,125.90726979999998,11710384
2021-04-07 09:00:00,126.25608045700001,126.311586675,125.647708349,125.68764088,371087
2021-04-07 08:00:00,126.146864985,126.28662884299999,125.987134862,126.086966189,138218
2021-04-07 07:00:00,126.00710112700001,126.28662884299999,125.99711799399999,126.186797516,18340
2021-04-07 06:00:00,126.136881852,126.266662578,125.977151729,126.05701679100001,17007
2021-04-07 05:00:00,126.29661197600001,126.306595108,126.00710112700001,126.086966189,9748
2021-04-06 20:00:00,126.05701679100001,126.156848118,125.99711799399999,126.11691558700001,73462
2021-04-06 19:00:00,126.01708426,126.12689872,125.987134862,126.04703365799999,657160
2021-04-06 18:00:00,126.01708426,126.05701679100001,125.987134862,126.01708426,105847
2021-04-06 17:00:00,125.99711799399999,126.19678064899999,125.827404738,126.066999923,2602709
2021-04-06 16:00:00,126.33654450700001,126.466325232,125.78747220700001,126.01708426,11457805
2021-04-06 15:00:00,125.972160163,126.39145173700001,125.90726979999998,126.33654450700001,6495901
2021-04-06 14:00:00,126.022075826,126.076983056,125.536995407,125.972459657,7829766
2021-04-06 13:00:00,126.71590355,126.725886683,126.006901464,126.022075826,7152672
2021-04-06 12:00:00,126.35641094100001,126.915566204,126.28662884299999,126.70602024799999,9837008
2021-04-06 11:00:00,126.35651077200001,126.74585294799999,125.766507629,126.353715495,14571201
2021-04-06 10:00:00,126.12689872,126.396443303,125.43806256200001,126.361502338,13383266
2021-04-06 09:00:00,125.706808495,126.49627463,125.46801196,126.11691558700001,615178
2021-04-06 08:00:00,125.42807943,126.16683125,125.39813003100001,126.086966189,283884
2021-04-06 07:00:00,125.39813003100001,125.48797822600001,125.288315572,125.418096297,15432
2021-04-06 06:00:00,125.288315572,125.42807943,125.248383041,125.31826497,18132
2021-04-06 05:00:00,125.118602315,125.46801196,124.789158936,125.288315572,49193
2021-04-05 20:00:00,126.086966189,126.28662884299999,126.086966189,126.28662884299999,195860
2021-04-05 19:00:00,126.086966189,126.12689872,125.987134862,126.086866357,107039
2021-04-05 18:00:00,125.977151729,126.106932454,125.977151729,126.096949321,583529
2021-04-05 17:00:00,125.67765774700001,126.00710112700001,125.597792686,125.987134862,1724975
2021-04-05 16:00:00,125.42308786299999,125.78747220700001,125.09873588100001,125.68764088,13902535
2021-04-05 15:00:00,125.83129816,125.94730216200001,125.38814689899999,125.418096297,8016416
2021-04-05 14:00:00,125.358197501,125.86733726899999,125.31826497,125.837387871,7325472
2021-04-05 13:00:00,125.118602315,125.747539676,125.103627616,125.349612006,9564368
2021-04-05 12:00:00,124.953880626,125.358197501,124.619545511,125.113610749,9283141
2021-04-05 11:00:00,124.599479414,125.408113164,124.34990109600001,124.948889059,16296370
2021-04-05 10:00:00,123.68103120399999,124.91893966100001,122.862414322,124.605569125,15217352
2021-04-05 09:00:00,123.141942038,123.790845664,122.84244805600001,123.68093137299999,522287
2021-04-05 08:00:00,122.932296251,123.181874569,122.83246492399999,123.141942038,267696
2021-04-05 07:00:00,123.191857701,123.241773365,122.79253239299999,122.88238058700001,33579
2021-04-05 06:00:00,122.872397455,123.291689029,122.862414322,123.17189143600001,22762
2021-04-05 05:00:00,122.912329985,123.25175649799999,122.60285287100001,122.912329985,44272
2021-04-01 20:00:00,122.772566127,122.88238058700001,122.642785402,122.79253239299999,100307
2021-04-01 19:00:00,122.78254926,122.852431189,122.732633597,122.772566127,66148
2021-04-01 18:00:00,122.74251689799999,122.79253239299999,122.722650464,122.772566127,60596
2021-04-01 17:00:00,122.79253239299999,122.80251552600001,122.692701066,122.712667331,3285902
2021-04-01 16:00:00,122.467082266,122.79253239299999,122.283392624,122.78254926,11350209
2021-04-01 15:00:00,122.46308901299999,122.89785444299999,122.363257686,122.46808058,6413678
2021-04-01 14:00:00,122.97722034799999,123.206832401,122.41317335,122.46308901299999,7033846
2021-04-01 13:00:00,122.692701066,123.23179023200001,122.632802269,122.980215288,6711937
2021-04-01 12:00:00,123.241773365,123.49135168299999,122.68271793299999,122.693200222,9371941
2021-04-01 11:00:00,123.37155409,123.461402285,122.79253239299999,123.24376999200001,11754674
2021-04-01 10:00:00,123.301672161,123.97054205299999,121.94396611200001,123.381537223,13205383
2021-04-01 09:00:00,123.08194341,123.47138541700001,121.94396611200001,123.31165529399999,541331
2021-04-01 08:00:00,122.942279384,123.32163842700001,122.88238058700001,123.11199264,257517
2021-04-01 07:00:00,123.391520356,123.40150348799999,122.972228782,123.022144445,20419
2021-04-01 06:00:00,123.351587825,123.431452887,123.12197577200001,123.291689029,40636
2021-04-01 05:00:00,123.241773365,123.581199877,122.99219504700001,123.421469754,74300
2021-03-31 20:00:00,122.04369760799999,122.243460094,121.93398297899999,122.243460094,105413
2021-03-31 19:00:00,121.874084183,122.043797439,121.86410105,122.03381430700001,74143
2021-03-31 18:00:00,121.80420225399999,121.94396611200001,121.794219121,121.884067316,94718
2021-03-31 17:00:00,121.93398297899999,122.023831174,121.694387794,121.794219121,7210292
2021-03-31 16:00:00,122.572903473,122.6727348,121.794219121,121.963932378,20241923
2021-03-31 15:00:00,122.62281913700001,122.7125675,122.22349382799999,122.572903473,8825217
2021-03-31 14:00:00,122.867405888,123.17189143600001,122.572903473,122.62281913700001,8242462
2021-03-31 13:00:00,123.073357916,123.31165529399999,122.862414322,122.872297623,10175867
2021-03-31 12:00:00,122.60285287100001,123.102009507,122.44012780799999,123.07206010899999,11262775
2021-03-31 11:00:00,122.75259986200001,123.042110711,122.323325155,122.60834359399999,17385154
2021-03-31 10:00:00,121.524674538,122.84244805600001,120.945652841,122.761584681,19303198
2021-03-31 09:00:00,121.48474200700001,121.794219121,121.364944415,121.50470827299999,716693
2021-03-31 08:00:00,121.624505865,121.794219121,121.404876945,121.454792609,389152
2021-03-31 07:00:00,121.544640803,122.043797439,121.444809476,121.66443839600001,69354
2021-03-31 06:00:00,121.534657671,121.66443839600001,121.24514682200001,121.554623936,36970
2021-03-31 05:00:00,121.454792609,121.784235989,120.99556850399999,121.544640803,94072
2021-03-30 20:00:00,119.61789619,119.73769378200001,119.548014261,119.727710649,112067
2021-03-30 19:00:00,119.687778119,119.687778119,119.548014261,119.607913057,62493
2021-03-30 18:00:00,119.65782872,119.697761251,119.61789619,119.687778119,197484
2021-03-30 17:00:00,119.697761251,119.787609446,119.548014261,119.66781185299999,1827394
2021-03-30 16:00:00,119.50608510299999,120.03359383600001,119.198604616,119.777626313,15217462
2021-03-30 15:00:00,119.53803112799999,119.619992647,119.25850341200001,119.49809859700001,7235495
2021-03-30 14:00:00,119.53803112799999,119.87745764,119.31341064200001,119.538130959,6335314
2021-03-30 13:00:00,119.66781185299999,119.76265161399999,119.378301004,119.533139393,7625395
2021-03-30 12:00:00,119.303427509,120.156985356,119.148688952,119.66781185299999,10947727
2021-03-30 11:00:00,119.28845281,119.43819980100001,118.659515449,119.29843594299999,16398543
2021-03-30 10:00:00,120.06713716200001,120.346664878,119.028891359,119.28845281,12450146
2021-03-30 09:00:00,119.99725523299999,121.487736947,119.837525109,120.06713716200001,428660
2021-03-30 08:00:00,120.117052825,120.28676608100001,119.87745764,119.99725523299999,237507
2021-03-30 07:00:00,120.536344399,120.60622632799999,119.71772751700001,120.117052825,59800
2021-03-30 06:00:00,120.23685041799999,120.546327532,120.226867285,120.546327532,9901
2021-03-30 05:00:00,120.57627693,120.67610825700001,119.81755884399999,120.20690102,35396
2021-03-29 20:00:00,121.16528176,121.23516368899999,121.04548416799999,121.145315495,45437
2021-03-29 19:00:00,121.115366097,121.24514682200001,121.115366097,121.145315495,48396
2021-03-29 18:00:00,121.105382964,121.115366097,121.065450433,121.115366097,41329
2021-03-29 17:00:00,121.18524802600001,121.195231158,120.745990186,121.115366097,2837736
2021-03-29 16:00:00,120.975602239,121.524674538,120.76595645200001,121.195231158,11968036
2021-03-29 15:00:00,121.449801043,121.48474200700001,120.815872115,120.965619106,7141068
2021-03-29 14:00:00,121.16528176,121.774252856,121.16528176,121.444809476,7680498
2021-03-29 13:00:00,120.993871372,121.18524802600001,120.526261435,121.15679609799999,7779519
2021-03-29 12:00:00,121.394893813,121.404178126,120.73101548700001,120.99057693799999,10434727
2021-03-29 11:00:00,121.125349229,121.884067316,120.60622632799999,121.394893813,13433995
2021-03-29 10:00:00,120.945652841,122.373240819,120.79590585,121.125249398,12526068
2021-03-29 09:00:00,120.895637346,121.794219121,120.596243196,120.925686575,581188
2021-03-29 08:00:00,120.656141992,121.23516368899999,120.636175726,120.84582151299999,125338
2021-03-29 07:00:00,120.60622632799999,120.75597331899999,120.536344399,120.646158859,8975
2021-03-29 06:00:00,120.296749214,120.67610825700001,120.226867285,120.67610825700001,14345
2021-03-29 05:00:00,120.48642873600001,120.51637813399999,120.007238365,120.296749214,24362
